﻿<?xml version="1.0" encoding="utf-8" ?>
<AuthServices>
  <AuthService>
    <Environment>Local</Environment>
    <AuthUrl>https://local-auth.3shapecommunicate.com:7443/oauth/token</AuthUrl>
  </AuthService>
  <AuthService>
    <Environment>Test</Environment>
    <AuthUrl>https://test-auth.3shapecommunicate.com/oauth/token</AuthUrl>
  </AuthService>
  <AuthService>
    <Environment>Staging</Environment>
    <AuthUrl>https://staging-auth.3shapecommunicate.com/oauth/token</AuthUrl>
  </AuthService>
  <AuthService>
    <Environment>Production</Environment>
    <AuthUrl>https://auth.3shapecommunicate.com/oauth/token</AuthUrl>
  </AuthService>
</AuthServices>
