﻿<?xml version="1.0" encoding="utf-8" ?>
<ServerList>
  <ServerListItem>
    <ServerName>Local EU10</ServerName>
    <Url>https://local-eu10.3shapecommunicate.com</Url>
    <Environment>Local</Environment>
  </ServerListItem>
  <ServerListItem>
    <ServerName>Local EU15</ServerName>
    <Url>http://local-eu15.3shapecommunicate.com</Url>
    <Environment>Local</Environment>
  </ServerListItem>
  <ServerListItem>
    <ServerName>Local MetaData</ServerName>
    <Url>http://local-metadata.3shapecommunicate.com</Url>
    <Environment>Local</Environment>
  </ServerListItem>
  <ServerListItem>
    <ServerName>Local DME</ServerName>
    <Url>http://local-dme.3shapecommunicate.com</Url>
    <Environment>Local</Environment>
  </ServerListItem>
  <ServerListItem>
    <ServerName>Local UserServcie</ServerName>
    <Url>http://local-users.3shapecommunicate.com</Url>
    <Environment>Local</Environment>
  </ServerListItem>
  <ServerListItem>
    <ServerName>Local Auth</ServerName>
    <Url>https://local-auth.3shapecommunicate.com:7443</Url>
    <Environment>Local</Environment>
  </ServerListItem>
  <ServerListItem>
    <ServerName>Local Integrations</ServerName>
    <Url>https://local-integrations.3shapecommunicate.com</Url>
    <Environment>Local</Environment>
  </ServerListItem>

  <ServerListItem>
    <ServerName>Test EU10</ServerName>
    <Url>https://test-eu10.3shapecommunicate.com</Url>
    <Environment>Test</Environment>
  </ServerListItem>
  <ServerListItem>
    <ServerName>Test EU15</ServerName>
    <Url>https://test-eu15.3shapecommunicate.com</Url>
    <Environment>Test</Environment>
  </ServerListItem>
  <ServerListItem>
    <ServerName>Test MetaData</ServerName>
    <Url>https://test-metadata.3shapecommunicate.com</Url>
    <Environment>Test</Environment>
  </ServerListItem>
  <ServerListItem>
    <ServerName>Test DME</ServerName>
    <Url>https://test-dme.3shapecommunicate.com</Url>
    <Environment>Test</Environment>
  </ServerListItem>
  <ServerListItem>
    <ServerName>Test UserServcie</ServerName>
    <Url>https://test-users.3shapecommunicate.com</Url>
    <Environment>Test</Environment>
  </ServerListItem>
  <ServerListItem>
    <ServerName>Test Auth</ServerName>
    <Url>https://test-auth.3shapecommunicate.com</Url>
    <Environment>Test</Environment>
  </ServerListItem>
  <ServerListItem>
    <ServerName>Test Integrations</ServerName>
    <Url>https://test-integrations.3shapecommunicate.com</Url>
    <Environment>Test</Environment>
  </ServerListItem>

  <ServerListItem>
    <ServerName>Staging EU10</ServerName>
    <Url>https://staging-eu10.3shapecommunicate.com</Url>
    <Environment>Staging</Environment>
  </ServerListItem>
  <ServerListItem>
    <ServerName>Staging AM10</ServerName>
    <Url>https://staging-am10.3shapecommunicate.com</Url>
    <Environment>Staging</Environment>
  </ServerListItem>
  <ServerListItem>
    <ServerName>Staging EU15</ServerName>
    <Url>https://staging-eu15.3shapecommunicate.com</Url>
    <Environment>Staging</Environment>
  </ServerListItem>
  <ServerListItem>
    <ServerName>Staging AM15</ServerName>
    <Url>https://staging-am15.3shapecommunicate.com</Url>
    <Environment>Staging</Environment>
  </ServerListItem>
  <ServerListItem>
    <ServerName>Staging MetaData EU</ServerName>
    <Url>https://staging-eumetadata.3shapecommunicate.com</Url>
    <Environment>Staging</Environment>
  </ServerListItem>
  <ServerListItem>
    <ServerName>Staging MetaData AM</ServerName>
    <Url>https://staging-ammetadata.3shapecommunicate.com</Url>
    <Environment>Staging</Environment>
  </ServerListItem>
  <ServerListItem>
    <ServerName>Staging DME</ServerName>
    <Url>https://staging-dme.3shapecommunicate.com</Url>
    <Environment>Staging</Environment>
  </ServerListItem>
  <ServerListItem>
    <ServerName>Staging UserServcie</ServerName>
    <Url>https://staging-users.3shapecommunicate.com</Url>
    <Environment>Staging</Environment>
  </ServerListItem>
  <ServerListItem>
    <ServerName>Staging Auth</ServerName>
    <Url>https://staging-auth.3shapecommunicate.com</Url>
    <Environment>Staging</Environment>
  </ServerListItem>
  <ServerListItem>
    <ServerName>Staging Integrations</ServerName>
    <Url>https://staging-integrations.3shapecommunicate.com</Url>
    <Environment>Staging</Environment>
  </ServerListItem>
  
  <ServerListItem>
    <ServerName>Production EU10</ServerName>
    <Url>https://www.3shapecommunicate.com</Url>
    <Environment>Production</Environment>
  </ServerListItem>
  <ServerListItem>
    <ServerName>Production AM10</ServerName>
    <Url>https://us.3shapecommunicate.com</Url>
    <Environment>Production</Environment>
  </ServerListItem>
  <ServerListItem>
    <ServerName>Production AS10</ServerName>
    <Url>https://as1.3shapecommunicate.com</Url>
    <Environment>Production</Environment>
  </ServerListItem>
  <ServerListItem>
    <ServerName>Production EU15</ServerName>
    <Url>https://eu15.3shapecommunicate.com</Url>
    <Environment>Production</Environment>
  </ServerListItem>
  <ServerListItem>
    <ServerName>Production AM15</ServerName>
    <Url>https://am15.3shapecommunicate.com</Url>
    <Environment>Production</Environment>
  </ServerListItem>
  <ServerListItem>
    <ServerName>Production AS15</ServerName>
    <Url>https://as15.3shapecommunicate.com</Url>
    <Environment>Production</Environment>
  </ServerListItem>
  <ServerListItem>
    <ServerName>Production MetaData EU</ServerName>
    <Url>https://eumetadata.3shapecommunicate.com</Url>
    <Environment>Production</Environment>
  </ServerListItem>
  <ServerListItem>
    <ServerName>Production MetaData AM</ServerName>
    <Url>https://ammetadata.3shapecommunicate.com</Url>
    <Environment>Production</Environment>
  </ServerListItem>
  <ServerListItem>
    <ServerName>Production MetaData AS</ServerName>
    <Url>https://asmetadata.3shapecommunicate.com</Url>
    <Environment>Production</Environment>
  </ServerListItem>
  <ServerListItem>
    <ServerName>Production DME</ServerName>
    <Url>https://dme.3shapecommunicate.com</Url>
    <Environment>Production</Environment>
  </ServerListItem>
  <ServerListItem>
    <ServerName>Production UserServcie</ServerName>
    <Url>https://users.3shapecommunicate.com</Url>
    <Environment>Production</Environment>
  </ServerListItem>
  <ServerListItem>
    <ServerName>Production Auth</ServerName>
    <Url>https://auth.3shapecommunicate.com</Url>
    <Environment>Production</Environment>
  </ServerListItem>
  <ServerListItem>
    <ServerName>Integrations</ServerName>
    <Url>https://integrations.3shapecommunicate.com</Url>
    <Environment>Production</Environment>
  </ServerListItem>

</ServerList>
