<?xml version="1.0"?>
<doc>
    <assembly>
        <name>ThreeShape.Communicate.UserService.Client</name>
    </assembly>
    <members>
        <member name="M:ThreeShape.Communicate.UserService.Client.ApiServerClient.#ctor(System.Uri)">
            <summary>
            Creates an instance of the ApiServerClient 
            </summary>
            <param name="baseUri">Address of the endpoint that will be used for Api calls</param>
        </member>
        <member name="T:ThreeShape.Communicate.UserService.Client.ITokenServerClient">
            <summary>
            ITokenServerClient interface
            </summary>
        </member>
        <member name="M:ThreeShape.Communicate.UserService.Client.ITokenServerClient.GetToken(System.String,System.String)">
            <summary>
            Get token by user credentials
            </summary>
            <param name="email"></param>
            <param name="password"></param>
            <returns></returns>
        </member>
        <member name="M:ThreeShape.Communicate.UserService.Client.ITokenServerClient.GetAuthorizationState(System.String,System.String)">
            <summary>
            Get Authorization state
            </summary>
            <param name="email"></param>
            <param name="password"></param>
            <returns></returns>
        </member>
        <member name="T:ThreeShape.Communicate.UserService.Client.TokenServerClient">
            <summary>
            Client that can perform authentication requests
            </summary>
        </member>
        <member name="M:ThreeShape.Communicate.UserService.Client.TokenServerClient.#ctor(System.Uri,System.String,System.String)">
            <summary>
            Creates an instance of the Authentication client
            </summary>
            <param name="endpoint">Address of the authentication webservice</param>
            <param name="clientName">OAuth Client Name</param>
            <param name="clientSecret">OAuth Client Secret</param>
        </member>
        <member name="T:ThreeShape.Communicate.UserService.Client.IUserServicePrivateClient">
            <summary>
            UserService private client
            </summary>
        </member>
        <member name="T:ThreeShape.Communicate.UserService.Client.IUserServicePublicClient">
            <summary>
            UserService public client
            </summary>
        </member>
        <member name="M:ThreeShape.Communicate.UserService.Client.IUserServicePublicClient.ApproveConnection(System.String,System.Guid,System.Guid)">
            <summary>
            Approve the specified connection on behalf of the user
            </summary>
            <param name="token"></param>
            <param name="userId"></param>
            <param name="connectionId"></param>
        </member>
        <member name="M:ThreeShape.Communicate.UserService.Client.IUserServicePublicClient.DeleteConnection(System.String,System.Guid,System.Guid)">
            <summary>
            Deletes the specified connection on behalf of the User
            </summary>
            <param name="token"></param>
            <param name="userId"></param>
            <param name="connectionId"></param>
        </member>
        <member name="M:ThreeShape.Communicate.UserService.Client.IUserServicePublicClient.GetAuthorizationState(System.String,System.String)">
            <summary>
            Authenticate user with server
            </summary>
            <param name="email"></param>
            <param name="password"></param>
            <returns>AuthorizationState that contains AccessToken and RefreshToken</returns>
        </member>
        <member name="M:ThreeShape.Communicate.UserService.Client.IUserServicePublicClient.GetConnections(System.String,System.Guid)">
            <summary>
            Returns a list of all connections for the specified user, including pending connections
            </summary>
            <param name="token"></param>
            <param name="userId"></param>
            <returns>List of users</returns>
        </member>
        <member name="M:ThreeShape.Communicate.UserService.Client.IUserServicePublicClient.GetDefaultService(System.String,ThreeShape.Communicate.UserService.Dto.ServiceType)">
            <summary>
            Get default service for the authenticated user
            </summary>
            <param name="token"></param>
            <param name="serviceType">Type of service to get</param>
            <returns>Default Service Uri</returns>
        </member>
        <member name="M:ThreeShape.Communicate.UserService.Client.IUserServicePublicClient.GetDefaultServer(System.String,ThreeShape.Communicate.UserService.Dto.ServiceType)">
            <summary>
            Get default service for the authenticated user
            </summary>
            <param name="token"></param>
            <param name="serviceType">Type of service to get</param>
            <returns>Default Service Uri</returns>
        </member>
        <member name="M:ThreeShape.Communicate.UserService.Client.IUserServicePublicClient.GetLogo(System.String,System.Guid)">
            <summary>
            Get user logo
            </summary>
            <param name="token"></param>
            <param name="connectedUserId"></param>
            <returns>Logo of the requested connection</returns>
        </member>
        <member name="M:ThreeShape.Communicate.UserService.Client.IUserServicePublicClient.GetServer(System.String,ThreeShape.Communicate.UserService.Dto.User)">
            <summary>
            Returns the main server for specified user
            </summary>
            <param name="token"></param>
            <param name="user"></param>
            <returns></returns>
        </member>
        <member name="M:ThreeShape.Communicate.UserService.Client.IUserServicePublicClient.GetToken(System.String,System.String)">
            <summary>
            Authenticate user with server
            </summary>
            <param name="email"></param>
            <param name="password"></param>
            <returns>Authentication token that must be included any requests</returns>
        </member>
        <member name="M:ThreeShape.Communicate.UserService.Client.IUserServicePublicClient.GetUser(System.String)">
            <summary>
            Returns the User object of the User that is associated with the token
            </summary>
            <param name="token"></param>
            <returns>User</returns>
        </member>
        <member name="M:ThreeShape.Communicate.UserService.Client.IUserServicePublicClient.GetUser(System.String,System.Guid)">
            <summary>
            Returns the user object of the id that has been supplied
            </summary>
            <param name="token"></param>
            <param name="userId"></param>
            <returns>User</returns>
        </member>
        <member name="M:ThreeShape.Communicate.UserService.Client.IUserServicePublicClient.RequestConnection(System.String,System.Guid,System.Guid)">
            <summary>
            Request a connection from the specified User to the specified RemoteUser
            </summary>
            <param name="token"></param>
            <param name="userId"></param>
            <param name="remoteUserId">Id of the User that sould be connected to</param>
            <returns></returns>
        </member>
        <member name="M:ThreeShape.Communicate.UserService.Client.IUserServicePublicClient.GetMyTemplateHeaders(System.String)">
            <summary>
            Returns a list of all template headers
            </summary>
            <param name="token"></param>
            <returns></returns>
        </member>
        <member name="M:ThreeShape.Communicate.UserService.Client.IUserServicePublicClient.GetThirdPartyTemplateHeaders(System.String)">
            <summary>
            Returns a list of all template headers from connections
            </summary>
            <param name="token"></param>
            <returns></returns>
        </member>
        <member name="M:ThreeShape.Communicate.UserService.Client.IUserServicePublicClient.GetTemplate(System.String,ThreeShape.Communicate.UserService.Dto.TemplateHeader)">
            <summary>
            Returns a template for specified TemplateHeader
            </summary>
            <param name="token"></param>
            <param name="templateHeader"></param>
            <returns></returns>
        </member>
        <member name="M:ThreeShape.Communicate.UserService.Client.IUserServicePublicClient.UploadTemplate(System.String,System.IO.Stream)">
            <summary>
            Uploads template to user
            </summary>
            <param name="token"></param>
            <param name="templateStream"></param>
            <returns></returns>
        </member>
        <member name="M:ThreeShape.Communicate.UserService.Client.IUserServicePublicClient.DeleteTemplate(System.String,ThreeShape.Communicate.UserService.Dto.TemplateHeader)">
            <summary>
            Deletes the specified template
            </summary>
            <param name="token"></param>
            <param name="template"></param>
        </member>
        <member name="M:ThreeShape.Communicate.UserService.Client.IUserServicePrivateClient.FindUser(System.String,System.String)">
            <summary>
            Returns a list of users whose Name, Email, or City starts with specified search string. 
            Any spaces in search string will cause the search string to be split and the indivaual parts of the search string will be searched for
            Search parts less than 3 characters will cause the search to fail and an exception will be returned
            A maximum of 20 users will be returned
            </summary>
            <param name="token"></param>
            <param name="searchString">string to search for</param>
            <returns>List of users</returns>
        </member>
        <member name="M:ThreeShape.Communicate.UserService.Client.IUserServicePrivateClient.CreateUser(ThreeShape.Communicate.UserService.Dto.RegistrationUser)">
            <summary>
            Creates new user with a given info.
            </summary>
        </member>
        <member name="M:ThreeShape.Communicate.UserService.Client.IUserServicePrivateClient.GetServices(System.String,ThreeShape.Communicate.UserService.Dto.ServiceType)">
            <summary>
            Returns a list of services matching the requested type
            </summary>
            <param name="token"></param>
            <param name="serviceType">Type of service to return</param>
            <returns>List of services</returns>
        </member>
        <member name="M:ThreeShape.Communicate.UserService.Client.IUserServicePrivateClient.GetClientType(System.String)">
            <summary>
            Returns token client type
            </summary>
            <param name="token"></param>
            <returns></returns>
        </member>
        <member name="T:ThreeShape.Communicate.UserService.Client.UserServicePublicClient">
            <summary>
            UserService Public client exposes all publicly available UserService Api's
            </summary>
        </member>
        <member name="F:ThreeShape.Communicate.UserService.Client.UserServicePublicClient.ApiClient">
            <summary>
            Instance of ApiServerClient that will be used for user data Api requests
            </summary>
        </member>
        <member name="F:ThreeShape.Communicate.UserService.Client.UserServicePublicClient.TokenClient">
            <summary>
            Instance of TokenServerClient that will be used for authentication requests
            </summary>
        </member>
        <member name="M:ThreeShape.Communicate.UserService.Client.UserServicePublicClient.#ctor(System.Uri,System.String,System.String,System.Uri)">
            <summary>
            Initializes a new instance of the 3Shape UserService Client, using config parameters specified in the App Config file
            </summary>
        </member>
        <member name="M:ThreeShape.Communicate.UserService.Client.UserServicePublicClient.#ctor(ThreeShape.Communicate.UserService.Client.ITokenServerClient,ThreeShape.Communicate.UserService.Client.IApiServerClient)">
            <summary>
            Initializes a new instance of the 3Shape UserService Client
            </summary>
            <param name="tokenClient">Pre-configured instance of the Authentication client</param>
            <param name="apiClient">Pre-configured instance of the Api client</param>
        </member>
        <member name="T:ThreeShape.Communicate.UserService.Client.UserServicePrivateClient">
            <summary>
            UserService Private client exposes all publicly available UserService Api's along with internal 3shape Api's
            The internal Api's can only be used by 3shape internal products
            </summary>
        </member>
        <member name="M:ThreeShape.Communicate.UserService.Client.UserServicePrivateClient.#ctor(System.Uri,System.String,System.String,System.Uri)">
            <summary>
            Initializes a new instance of the  UserService Client for 3Shape applications, using config parameters specified in the App Config file
            </summary>
        </member>
        <member name="M:ThreeShape.Communicate.UserService.Client.UserServicePrivateClient.#ctor(ThreeShape.Communicate.UserService.Client.ITokenServerClient,ThreeShape.Communicate.UserService.Client.IApiServerClient)">
            <summary>
            Initializes a new instance of the  UserService Client for 3Shape applications
            </summary>
            <param name="tokenClient">Pre-configured instance of the Authentication client</param>
            <param name="apiClient">Pre-configured instance of the Api client</param>
        </member>
    </members>
</doc>
